{
	"user_id": "u_c48vix3ycon",
	"ue": [
		-0.031957462430000305,
		0.09338206052780151,
		0.0342455729842186,
		-0.027731874957680702,
		0.03319423645734787,
		0.04864177480340004,
		0.03268411010503769,
		-0.0762537345290184,
		-0.03686967492103577,
		-0.012195606715977192,
		-0.005174365360289812,
		0.030249714851379395,
		0.010557323694229126,
		-0.06759907305240631,
		0.01862717606127262,
		0.030510542914271355,
		0.028010709211230278,
		0.0523422472178936,
		0.042930882424116135,
		0.021861210465431213,
		-0.00448733102530241,
		-0.08509141206741333,
		0.021441852673888206,
		0.010506932623684406,
		0.014975402504205704,
		-0.06540090590715408,
		-0.053922154009342194,
		0.05463983491063118,
		-0.0037972729187458754,
		0.037943966686725616,
		0.00021074021060485393,
		0.0012096792925149202,
		0.04618683457374573,
		-0.025262871757149696,
		0.005610311403870583,
		-0.022592702880501747,
		-0.020917469635605812,
		-0.01712140627205372,
		0.0138667868450284,
		-0.02395603433251381,
		0.0633302628993988,
		-0.044139910489320755,
		-0.010697894729673862,
		-0.022603804245591164,
		0.07405348867177963,
		0.010276648215949535,
		0.054001305252313614,
		-0.07476343214511871,
		0.015504724346101284,
		0.044621992856264114,
		0.002770192688331008,
		0.053374502807855606,
		-0.025346368551254272,
		0.07234371453523636,
		0.11498279869556427,
		-0.016798997297883034,
		-0.02398187667131424,
		0.07264894247055054,
		0.07934477925300598,
		-0.028530212119221687,
		-0.022164620459079742,
		-0.014713332056999207,
		-0.06819412112236023,
		-0.04733861982822418
	],
	"bandit": {
		"d_action": 3,
		"d_feature": 7,
		"alpha": 0.8,
		"A": [
			[
				[
					2.890000104904175,
					0.320000022649765,
					0.8300000429153442,
					0,
					1.7999999523162842,
					0,
					0
				],
				[
					0.320000022649765,
					1.159999966621399,
					0.14000000059604645,
					0,
					0.4000000059604645,
					0,
					0
				],
				[
					0.8300000429153442,
					0.14000000059604645,
					1.404999852180481,
					0,
					0.699999988079071,
					0,
					0
				],
				[
					0,
					0,
					0,
					1,
					0,
					0,
					0
				],
				[
					1.7999999523162842,
					0.4000000059604645,
					0.699999988079071,
					0,
					3,
					0,
					0
				],
				[
					0,
					0,
					0,
					0,
					0,
					1,
					0
				],
				[
					0,
					0,
					0,
					0,
					0,
					0,
					1
				]
			],
			[
				[
					9.070625305175781,
					1.9632352590560913,
					3.3687500953674316,
					0,
					9.625,
					0,
					0
				],
				[
					1.9632352590560913,
					1.8585413694381714,
					0.917989194393158,
					0,
					2.62282657623291,
					0,
					0
				],
				[
					3.3687500953674316,
					0.917989194393158,
					2.469999313354492,
					0,
					4.1999993324279785,
					0,
					0
				],
				[
					0,
					0,
					0,
					1,
					0,
					0,
					0
				],
				[
					9.625,
					2.62282657623291,
					4.1999993324279785,
					0,
					13,
					0,
					0
				],
				[
					0,
					0,
					0,
					0,
					0,
					1,
					0
				],
				[
					0,
					0,
					0,
					0,
					0,
					0,
					1
				]
			],
			[
				[
					1.5625,
					0.1875,
					0.26249998807907104,
					0,
					0.75,
					0,
					0
				],
				[
					0.1875,
					1.0625,
					0.08749999850988388,
					0,
					0.25,
					0,
					0
				],
				[
					0.26249998807907104,
					0.08749999850988388,
					1.122499942779541,
					0,
					0.3499999940395355,
					0,
					0
				],
				[
					0,
					0,
					0,
					1,
					0,
					0,
					0
				],
				[
					0.75,
					0.25,
					0.3499999940395355,
					0,
					2,
					0,
					0
				],
				[
					0,
					0,
					0,
					0,
					0,
					1,
					0
				],
				[
					0,
					0,
					0,
					0,
					0,
					0,
					1
				]
			]
		],
		"b": [
			[
				1.149999976158142,
				0.20000000298023224,
				0.550000011920929,
				0,
				1,
				0,
				0
			],
			[
				9.625,
				2.62282657623291,
				4.1999993324279785,
				0,
				12,
				0,
				0
			],
			[
				0,
				0,
				0,
				0,
				0,
				0,
				0
			]
		]
	},
	"ngram_counts_1": [
		17,
		1,
		1
	],
	"ngram_counts_2": [
		[
			16,
			1,
			1
		],
		[
			1,
			1,
			1
		],
		[
			1,
			1,
			1
		]
	],
	"ema_freq": [
		0.876465380191803,
		0.061767321079969406,
		0.061767321079969406
	],
	"last_move": 0,
	"ema_logloss": 0.9092534718657692,
	"ema_decay": 0.99,
	"drift_cooldown": 0
}